,count,x_col,y_row,x_min,y_min,x_max,y_max
0,23,1,20,0.4000299132,8.000598263999999,0.8000598264,8.4006281772
1,11,1,23,0.4000299132,9.2006880036,0.8000598264,9.600717916799999
2,17,1,22,0.4000299132,8.800658090399999,0.8000598264,9.2006880036
3,13,0,21,0.0,8.4006281772,0.4000299132,8.800658090399999
4,20,2,22,0.8000598264,8.800658090399999,1.2000897395999999,9.2006880036
5,7,2,24,0.8000598264,9.600717916799999,1.2000897395999999,10.00074783
6,14,2,23,0.8000598264,9.2006880036,1.2000897395999999,9.600717916799999
7,53,3,21,1.2000897395999999,8.4006281772,1.6001196528,8.800658090399999
8,19,1,21,0.4000299132,8.4006281772,0.8000598264,8.800658090399999
9,21,4,23,1.6001196528,9.2006880036,2.0001495659999997,9.600717916799999
10,18,3,23,1.2000897395999999,9.2006880036,1.6001196528,9.600717916799999
11,36,2,21,0.8000598264,8.4006281772,1.2000897395999999,8.800658090399999
12,5,1,24,0.4000299132,9.600717916799999,0.8000598264,10.00074783
13,5,3,24,1.2000897395999999,9.600717916799999,1.6001196528,10.00074783
14,22,3,22,1.2000897395999999,8.800658090399999,1.6001196528,9.2006880036
15,5,0,22,0.0,8.800658090399999,0.4000299132,9.2006880036
16,43,3,20,1.2000897395999999,8.000598263999999,1.6001196528,8.4006281772
17,38,2,20,0.8000598264,8.000598263999999,1.2000897395999999,8.4006281772
18,2,0,23,0.0,9.2006880036,0.4000299132,9.600717916799999
19,7,5,24,2.0001495659999997,9.600717916799999,2.4001794791999997,10.00074783
20,27,5,23,2.0001495659999997,9.2006880036,2.4001794791999997,9.600717916799999
21,15,4,24,1.6001196528,9.600717916799999,2.0001495659999997,10.00074783
22,46,4,21,1.6001196528,8.4006281772,2.0001495659999997,8.800658090399999
23,34,4,22,1.6001196528,8.800658090399999,2.0001495659999997,9.2006880036
24,42,6,22,2.4001794791999997,8.800658090399999,2.8002093923999998,9.2006880036
25,40,5,21,2.0001495659999997,8.4006281772,2.4001794791999997,8.800658090399999
26,51,6,21,2.4001794791999997,8.4006281772,2.8002093923999998,8.800658090399999
27,32,5,22,2.0001495659999997,8.800658090399999,2.4001794791999997,9.2006880036
28,18,6,23,2.4001794791999997,9.2006880036,2.8002093923999998,9.600717916799999
29,50,5,20,2.0001495659999997,8.000598263999999,2.4001794791999997,8.4006281772
30,14,7,24,2.8002093923999998,9.600717916799999,3.2002393056,10.00074783
31,12,6,24,2.4001794791999997,9.600717916799999,2.8002093923999998,10.00074783
32,25,7,23,2.8002093923999998,9.2006880036,3.2002393056,9.600717916799999
33,34,7,21,2.8002093923999998,8.4006281772,3.2002393056,8.800658090399999
34,31,7,22,2.8002093923999998,8.800658090399999,3.2002393056,9.2006880036
35,40,6,20,2.4001794791999997,8.000598263999999,2.8002093923999998,8.4006281772
36,39,4,20,1.6001196528,8.000598263999999,2.0001495659999997,8.4006281772
37,15,8,24,3.2002393056,9.600717916799999,3.6002692188,10.00074783
38,37,8,22,3.2002393056,8.800658090399999,3.6002692188,9.2006880036
39,46,8,21,3.2002393056,8.4006281772,3.6002692188,8.800658090399999
40,38,7,20,2.8002093923999998,8.000598263999999,3.2002393056,8.4006281772
41,16,8,23,3.2002393056,9.2006880036,3.6002692188,9.600717916799999
42,1,7,25,2.8002093923999998,10.00074783,3.2002393056,10.00074783
43,22,9,23,3.6002692188,9.2006880036,4.000299131999999,9.600717916799999
44,34,9,22,3.6002692188,8.800658090399999,4.000299131999999,9.2006880036
45,34,9,21,3.6002692188,8.4006281772,4.000299131999999,8.800658090399999
46,8,9,24,3.6002692188,9.600717916799999,4.000299131999999,10.00074783
47,24,11,22,4.4003290451999995,8.800658090399999,4.8003589583999995,9.2006880036
48,20,10,23,4.000299131999999,9.2006880036,4.4003290451999995,9.600717916799999
49,19,10,22,4.000299131999999,8.800658090399999,4.4003290451999995,9.2006880036
50,20,11,23,4.4003290451999995,9.2006880036,4.8003589583999995,9.600717916799999
51,41,8,20,3.2002393056,8.000598263999999,3.6002692188,8.4006281772
52,41,10,21,4.000299131999999,8.4006281772,4.4003290451999995,8.800658090399999
53,33,10,20,4.000299131999999,8.000598263999999,4.4003290451999995,8.4006281772
54,5,10,24,4.000299131999999,9.600717916799999,4.4003290451999995,10.00074783
55,33,11,21,4.4003290451999995,8.4006281772,4.8003589583999995,8.800658090399999
56,33,12,22,4.8003589583999995,8.800658090399999,5.2003888715999995,9.2006880036
57,4,11,24,4.4003290451999995,9.600717916799999,4.8003589583999995,10.00074783
58,38,12,20,4.8003589583999995,8.000598263999999,5.2003888715999995,8.4006281772
59,10,12,24,4.8003589583999995,9.600717916799999,5.2003888715999995,10.00074783
60,22,12,23,4.8003589583999995,9.2006880036,5.2003888715999995,9.600717916799999
61,29,13,22,5.2003888715999995,8.800658090399999,5.6004187847999995,9.2006880036
62,25,12,21,4.8003589583999995,8.4006281772,5.2003888715999995,8.800658090399999
63,32,13,21,5.2003888715999995,8.4006281772,5.6004187847999995,8.800658090399999
64,17,13,23,5.2003888715999995,9.2006880036,5.6004187847999995,9.600717916799999
65,36,13,20,5.2003888715999995,8.000598263999999,5.6004187847999995,8.4006281772
66,11,14,24,5.6004187847999995,9.600717916799999,6.000448698,10.00074783
67,28,14,22,5.6004187847999995,8.800658090399999,6.000448698,9.2006880036
68,19,14,23,5.6004187847999995,9.2006880036,6.000448698,9.600717916799999
69,8,13,24,5.2003888715999995,9.600717916799999,5.6004187847999995,10.00074783
70,6,15,24,6.000448698,9.600717916799999,6.4004786112,10.00074783
71,24,15,22,6.000448698,8.800658090399999,6.4004786112,9.2006880036
72,34,14,21,5.6004187847999995,8.4006281772,6.000448698,8.800658090399999
73,21,15,23,6.000448698,9.2006880036,6.4004786112,9.600717916799999
74,29,15,21,6.000448698,8.4006281772,6.4004786112,8.800658090399999
75,36,14,20,5.6004187847999995,8.000598263999999,6.000448698,8.4006281772
76,21,16,23,6.4004786112,9.2006880036,6.8005085244,9.600717916799999
77,34,16,22,6.4004786112,8.800658090399999,6.8005085244,9.2006880036
78,41,16,21,6.4004786112,8.4006281772,6.8005085244,8.800658090399999
79,51,15,20,6.000448698,8.000598263999999,6.4004786112,8.4006281772
80,52,17,21,6.8005085244,8.4006281772,7.2005384376,8.800658090399999
81,19,18,23,7.2005384376,9.2006880036,7.6005683508,9.600717916799999
82,26,17,22,6.8005085244,8.800658090399999,7.2005384376,9.2006880036
83,26,17,23,6.8005085244,9.2006880036,7.2005384376,9.600717916799999
84,8,17,24,6.8005085244,9.600717916799999,7.2005384376,10.00074783
85,5,16,24,6.4004786112,9.600717916799999,6.8005085244,10.00074783
86,32,16,20,6.4004786112,8.000598263999999,6.8005085244,8.4006281772
87,8,18,24,7.2005384376,9.600717916799999,7.6005683508,10.00074783
88,46,17,20,6.8005085244,8.000598263999999,7.2005384376,8.4006281772
89,31,19,23,7.6005683508,9.2006880036,8.000598263999999,9.600717916799999
90,5,19,24,7.6005683508,9.600717916799999,8.000598263999999,10.00074783
91,24,18,22,7.2005384376,8.800658090399999,7.6005683508,9.2006880036
92,50,18,21,7.2005384376,8.4006281772,7.6005683508,8.800658090399999
93,30,19,22,7.6005683508,8.800658090399999,8.000598263999999,9.2006880036
94,27,19,21,7.6005683508,8.4006281772,8.000598263999999,8.800658090399999
95,45,18,20,7.2005384376,8.000598263999999,7.6005683508,8.4006281772
96,36,20,22,8.000598263999999,8.800658090399999,8.4006281772,9.2006880036
97,13,21,23,8.4006281772,9.2006880036,8.800658090399999,9.600717916799999
98,50,20,21,8.000598263999999,8.4006281772,8.4006281772,8.800658090399999
99,12,20,24,8.000598263999999,9.600717916799999,8.4006281772,10.00074783
100,9,20,23,8.000598263999999,9.2006880036,8.4006281772,9.600717916799999
101,15,21,24,8.4006281772,9.600717916799999,8.800658090399999,10.00074783
102,39,20,20,8.000598263999999,8.000598263999999,8.4006281772,8.4006281772
103,32,19,20,7.6005683508,8.000598263999999,8.000598263999999,8.4006281772
104,26,21,22,8.4006281772,8.800658090399999,8.800658090399999,9.2006880036
105,21,22,22,8.800658090399999,8.800658090399999,9.2006880036,9.2006880036
106,37,21,21,8.4006281772,8.4006281772,8.800658090399999,8.800658090399999
107,18,22,23,8.800658090399999,9.2006880036,9.2006880036,9.600717916799999
108,38,21,20,8.4006281772,8.000598263999999,8.800658090399999,8.4006281772
109,38,22,21,8.800658090399999,8.4006281772,9.2006880036,8.800658090399999
110,6,22,24,8.800658090399999,9.600717916799999,9.2006880036,10.00074783
111,21,23,23,9.2006880036,9.2006880036,9.600717916799999,9.600717916799999
112,8,23,24,9.2006880036,9.600717916799999,9.600717916799999,10.00074783
113,27,23,22,9.2006880036,8.800658090399999,9.600717916799999,9.2006880036
114,37,23,21,9.2006880036,8.4006281772,9.600717916799999,8.800658090399999
115,40,24,21,9.600717916799999,8.4006281772,10.00074783,8.800658090399999
116,19,24,23,9.600717916799999,9.2006880036,10.00074783,9.600717916799999
117,31,24,22,9.600717916799999,8.800658090399999,10.00074783,9.2006880036
118,4,24,24,9.600717916799999,9.600717916799999,10.00074783,10.00074783
119,32,25,21,10.00074783,8.4006281772,10.400777743199999,8.800658090399999
120,19,25,23,10.00074783,9.2006880036,10.400777743199999,9.600717916799999
121,36,25,22,10.00074783,8.800658090399999,10.400777743199999,9.2006880036
122,41,23,20,9.2006880036,8.000598263999999,9.600717916799999,8.4006281772
123,8,25,24,10.00074783,9.600717916799999,10.400777743199999,10.00074783
124,37,24,20,9.600717916799999,8.000598263999999,10.00074783,8.4006281772
125,39,26,21,10.400777743199999,8.4006281772,10.8008076564,8.800658090399999
126,6,26,24,10.400777743199999,9.600717916799999,10.8008076564,10.00074783
127,33,25,20,10.00074783,8.000598263999999,10.400777743199999,8.4006281772
128,17,26,23,10.400777743199999,9.2006880036,10.8008076564,9.600717916799999
129,32,26,22,10.400777743199999,8.800658090399999,10.8008076564,9.2006880036
130,41,27,22,10.8008076564,8.800658090399999,11.200837569599999,9.2006880036
131,40,28,21,11.200837569599999,8.4006281772,11.6008674828,8.800658090399999
132,31,28,22,11.200837569599999,8.800658090399999,11.6008674828,9.2006880036
133,38,27,21,10.8008076564,8.4006281772,11.200837569599999,8.800658090399999
134,38,27,20,10.8008076564,8.000598263999999,11.200837569599999,8.4006281772
135,5,27,24,10.8008076564,9.600717916799999,11.200837569599999,10.00074783
136,27,26,20,10.400777743199999,8.000598263999999,10.8008076564,8.4006281772
137,20,28,23,11.200837569599999,9.2006880036,11.6008674828,9.600717916799999
138,22,29,23,11.6008674828,9.2006880036,12.000897396,9.600717916799999
139,52,28,20,11.200837569599999,8.000598263999999,11.6008674828,8.4006281772
140,14,27,23,10.8008076564,9.2006880036,11.200837569599999,9.600717916799999
141,8,28,24,11.200837569599999,9.600717916799999,11.6008674828,10.00074783
142,11,29,24,11.6008674828,9.600717916799999,12.000897396,10.00074783
143,33,29,21,11.6008674828,8.4006281772,12.000897396,8.800658090399999
144,31,29,22,11.6008674828,8.800658090399999,12.000897396,9.2006880036
145,19,30,24,12.000897396,9.600717916799999,12.4009273092,10.00074783
146,34,29,20,11.6008674828,8.000598263999999,12.000897396,8.4006281772
147,50,30,21,12.000897396,8.4006281772,12.4009273092,8.800658090399999
148,15,30,23,12.000897396,9.2006880036,12.4009273092,9.600717916799999
149,5,31,24,12.4009273092,9.600717916799999,12.8009572224,10.00074783
150,29,30,22,12.000897396,8.800658090399999,12.4009273092,9.2006880036
151,27,31,21,12.4009273092,8.4006281772,12.8009572224,8.800658090399999
152,31,31,22,12.4009273092,8.800658090399999,12.8009572224,9.2006880036
153,38,30,20,12.000897396,8.000598263999999,12.4009273092,8.4006281772
154,26,31,23,12.4009273092,9.2006880036,12.8009572224,9.600717916799999
155,31,32,21,12.8009572224,8.4006281772,13.200987135599998,8.800658090399999
156,20,32,22,12.8009572224,8.800658090399999,13.200987135599998,9.2006880036
157,39,31,20,12.4009273092,8.000598263999999,12.8009572224,8.4006281772
158,15,32,23,12.8009572224,9.2006880036,13.200987135599998,9.600717916799999
159,27,33,23,13.200987135599998,9.2006880036,13.6010170488,9.600717916799999
160,35,33,20,13.200987135599998,8.000598263999999,13.6010170488,8.4006281772
161,14,32,24,12.8009572224,9.600717916799999,13.200987135599998,10.00074783
162,11,33,24,13.200987135599998,9.600717916799999,13.6010170488,10.00074783
163,22,34,23,13.6010170488,9.2006880036,14.001046961999998,9.600717916799999
164,34,33,21,13.200987135599998,8.4006281772,13.6010170488,8.800658090399999
165,37,32,20,12.8009572224,8.000598263999999,13.200987135599998,8.4006281772
166,27,33,22,13.200987135599998,8.800658090399999,13.6010170488,9.2006880036
167,7,34,24,13.6010170488,9.600717916799999,14.001046961999998,10.00074783
168,21,34,22,13.6010170488,8.800658090399999,14.001046961999998,9.2006880036
169,13,35,22,14.001046961999998,8.800658090399999,14.4010768752,9.2006880036
170,20,35,21,14.001046961999998,8.4006281772,14.4010768752,8.800658090399999
171,20,35,23,14.001046961999998,9.2006880036,14.4010768752,9.600717916799999
172,31,34,20,13.6010170488,8.000598263999999,14.001046961999998,8.4006281772
173,30,34,21,13.6010170488,8.4006281772,14.001046961999998,8.800658090399999
174,19,36,22,14.4010768752,8.800658090399999,14.801106788399998,9.2006880036
175,20,35,20,14.001046961999998,8.000598263999999,14.4010768752,8.4006281772
176,19,36,21,14.4010768752,8.4006281772,14.801106788399998,8.800658090399999
177,6,36,23,14.4010768752,9.2006880036,14.801106788399998,9.600717916799999
178,3,35,24,14.001046961999998,9.600717916799999,14.4010768752,10.00074783
179,3,36,24,14.4010768752,9.600717916799999,14.801106788399998,10.00074783
180,2,37,24,14.801106788399998,9.600717916799999,15.04758466,10.00074783
181,8,37,22,14.801106788399998,8.800658090399999,15.04758466,9.2006880036
182,17,36,20,14.4010768752,8.000598263999999,14.801106788399998,8.4006281772
183,4,37,21,14.801106788399998,8.4006281772,15.04758466,8.800658090399999
184,6,0,20,0.0,8.000598263999999,0.4000299132,8.4006281772
185,27,1,19,0.4000299132,7.6005683508,0.8000598264,8.000598263999999
186,17,2,19,0.8000598264,7.6005683508,1.2000897395999999,8.000598263999999
187,43,4,19,1.6001196528,7.6005683508,2.0001495659999997,8.000598263999999
188,46,3,19,1.2000897395999999,7.6005683508,1.6001196528,8.000598263999999
189,47,5,19,2.0001495659999997,7.6005683508,2.4001794791999997,8.000598263999999
190,46,6,19,2.4001794791999997,7.6005683508,2.8002093923999998,8.000598263999999
191,31,7,19,2.8002093923999998,7.6005683508,3.2002393056,8.000598263999999
192,34,9,20,3.6002692188,8.000598263999999,4.000299131999999,8.4006281772
193,35,9,19,3.6002692188,7.6005683508,4.000299131999999,8.000598263999999
194,30,8,19,3.2002393056,7.6005683508,3.6002692188,8.000598263999999
195,43,11,20,4.4003290451999995,8.000598263999999,4.8003589583999995,8.4006281772
196,34,11,19,4.4003290451999995,7.6005683508,4.8003589583999995,8.000598263999999
197,43,10,19,4.000299131999999,7.6005683508,4.4003290451999995,8.000598263999999
198,38,12,19,4.8003589583999995,7.6005683508,5.2003888715999995,8.000598263999999
199,32,13,19,5.2003888715999995,7.6005683508,5.6004187847999995,8.000598263999999
200,39,14,19,5.6004187847999995,7.6005683508,6.000448698,8.000598263999999
201,31,15,19,6.000448698,7.6005683508,6.4004786112,8.000598263999999
202,38,17,19,6.8005085244,7.6005683508,7.2005384376,8.000598263999999
203,41,18,19,7.2005384376,7.6005683508,7.6005683508,8.000598263999999
204,35,20,19,8.000598263999999,7.6005683508,8.4006281772,8.000598263999999
205,31,19,19,7.6005683508,7.6005683508,8.000598263999999,8.000598263999999
206,39,21,19,8.4006281772,7.6005683508,8.800658090399999,8.000598263999999
207,40,22,20,8.800658090399999,8.000598263999999,9.2006880036,8.4006281772
208,39,22,19,8.800658090399999,7.6005683508,9.2006880036,8.000598263999999
209,36,23,19,9.2006880036,7.6005683508,9.600717916799999,8.000598263999999
210,33,24,19,9.600717916799999,7.6005683508,10.00074783,8.000598263999999
211,29,25,19,10.00074783,7.6005683508,10.400777743199999,8.000598263999999
212,35,26,19,10.400777743199999,7.6005683508,10.8008076564,8.000598263999999
213,36,27,19,10.8008076564,7.6005683508,11.200837569599999,8.000598263999999
214,33,29,19,11.6008674828,7.6005683508,12.000897396,8.000598263999999
215,33,28,19,11.200837569599999,7.6005683508,11.6008674828,8.000598263999999
216,46,31,19,12.4009273092,7.6005683508,12.8009572224,8.000598263999999
217,48,30,19,12.000897396,7.6005683508,12.4009273092,8.000598263999999
218,38,32,19,12.8009572224,7.6005683508,13.200987135599998,8.000598263999999
219,37,33,19,13.200987135599998,7.6005683508,13.6010170488,8.000598263999999
220,35,34,19,13.6010170488,7.6005683508,14.001046961999998,8.000598263999999
221,12,36,19,14.4010768752,7.6005683508,14.801106788399998,8.000598263999999
222,3,37,20,14.801106788399998,8.000598263999999,15.04758466,8.4006281772
223,1,37,23,14.801106788399998,9.2006880036,15.04758466,9.600717916799999
224,8,0,19,0.0,7.6005683508,0.4000299132,8.000598263999999
225,16,1,18,0.4000299132,7.2005384376,0.8000598264,7.6005683508
226,5,0,18,0.0,7.2005384376,0.4000299132,7.6005683508
227,35,4,18,1.6001196528,7.2005384376,2.0001495659999997,7.6005683508
228,35,2,18,0.8000598264,7.2005384376,1.2000897395999999,7.6005683508
229,35,3,18,1.2000897395999999,7.2005384376,1.6001196528,7.6005683508
230,42,5,18,2.0001495659999997,7.2005384376,2.4001794791999997,7.6005683508
231,34,6,18,2.4001794791999997,7.2005384376,2.8002093923999998,7.6005683508
232,31,7,18,2.8002093923999998,7.2005384376,3.2002393056,7.6005683508
233,37,8,18,3.2002393056,7.2005384376,3.6002692188,7.6005683508
234,31,9,18,3.6002692188,7.2005384376,4.000299131999999,7.6005683508
235,33,10,18,4.000299131999999,7.2005384376,4.4003290451999995,7.6005683508
236,33,11,18,4.4003290451999995,7.2005384376,4.8003589583999995,7.6005683508
237,36,13,18,5.2003888715999995,7.2005384376,5.6004187847999995,7.6005683508
238,46,12,18,4.8003589583999995,7.2005384376,5.2003888715999995,7.6005683508
239,37,14,18,5.6004187847999995,7.2005384376,6.000448698,7.6005683508
240,40,16,19,6.4004786112,7.6005683508,6.8005085244,8.000598263999999
241,45,15,18,6.000448698,7.2005384376,6.4004786112,7.6005683508
242,49,17,18,6.8005085244,7.2005384376,7.2005384376,7.6005683508
243,35,16,18,6.4004786112,7.2005384376,6.8005085244,7.6005683508
244,37,18,18,7.2005384376,7.2005384376,7.6005683508,7.6005683508
245,35,19,18,7.6005683508,7.2005384376,8.000598263999999,7.6005683508
246,31,20,18,8.000598263999999,7.2005384376,8.4006281772,7.6005683508
247,31,21,18,8.4006281772,7.2005384376,8.800658090399999,7.6005683508
248,37,23,18,9.2006880036,7.2005384376,9.600717916799999,7.6005683508
249,26,22,18,8.800658090399999,7.2005384376,9.2006880036,7.6005683508
250,27,24,18,9.600717916799999,7.2005384376,10.00074783,7.6005683508
251,30,25,18,10.00074783,7.2005384376,10.400777743199999,7.6005683508
252,42,26,18,10.400777743199999,7.2005384376,10.8008076564,7.6005683508
253,35,27,18,10.8008076564,7.2005384376,11.200837569599999,7.6005683508
254,40,28,18,11.200837569599999,7.2005384376,11.6008674828,7.6005683508
255,35,30,18,12.000897396,7.2005384376,12.4009273092,7.6005683508
256,44,32,18,12.8009572224,7.2005384376,13.200987135599998,7.6005683508
257,26,29,18,11.6008674828,7.2005384376,12.000897396,7.6005683508
258,39,31,18,12.4009273092,7.2005384376,12.8009572224,7.6005683508
259,42,33,18,13.200987135599998,7.2005384376,13.6010170488,7.6005683508
260,37,34,18,13.6010170488,7.2005384376,14.001046961999998,7.6005683508
261,21,35,19,14.001046961999998,7.6005683508,14.4010768752,8.000598263999999
262,25,35,18,14.001046961999998,7.2005384376,14.4010768752,7.6005683508
263,2,37,19,14.801106788399998,7.6005683508,15.04758466,8.000598263999999
264,22,36,18,14.4010768752,7.2005384376,14.801106788399998,7.6005683508
265,6,37,18,14.801106788399998,7.2005384376,15.04758466,7.6005683508
266,36,3,17,1.2000897395999999,6.8005085244,1.6001196528,7.2005384376
267,22,1,17,0.4000299132,6.8005085244,0.8000598264,7.2005384376
268,25,2,17,0.8000598264,6.8005085244,1.2000897395999999,7.2005384376
269,38,4,17,1.6001196528,6.8005085244,2.0001495659999997,7.2005384376
270,33,5,17,2.0001495659999997,6.8005085244,2.4001794791999997,7.2005384376
271,45,7,17,2.8002093923999998,6.8005085244,3.2002393056,7.2005384376
272,32,6,17,2.4001794791999997,6.8005085244,2.8002093923999998,7.2005384376
273,29,8,17,3.2002393056,6.8005085244,3.6002692188,7.2005384376
274,39,9,17,3.6002692188,6.8005085244,4.000299131999999,7.2005384376
275,31,10,17,4.000299131999999,6.8005085244,4.4003290451999995,7.2005384376
276,47,11,17,4.4003290451999995,6.8005085244,4.8003589583999995,7.2005384376
277,42,13,17,5.2003888715999995,6.8005085244,5.6004187847999995,7.2005384376
278,36,14,17,5.6004187847999995,6.8005085244,6.000448698,7.2005384376
279,20,12,17,4.8003589583999995,6.8005085244,5.2003888715999995,7.2005384376
280,49,15,17,6.000448698,6.8005085244,6.4004786112,7.2005384376
281,50,17,17,6.8005085244,6.8005085244,7.2005384376,7.2005384376
282,39,16,17,6.4004786112,6.8005085244,6.8005085244,7.2005384376
283,50,18,17,7.2005384376,6.8005085244,7.6005683508,7.2005384376
284,50,19,17,7.6005683508,6.8005085244,8.000598263999999,7.2005384376
285,41,22,17,8.800658090399999,6.8005085244,9.2006880036,7.2005384376
286,27,21,17,8.4006281772,6.8005085244,8.800658090399999,7.2005384376
287,42,20,17,8.000598263999999,6.8005085244,8.4006281772,7.2005384376
288,39,23,17,9.2006880036,6.8005085244,9.600717916799999,7.2005384376
289,32,25,17,10.00074783,6.8005085244,10.400777743199999,7.2005384376
290,41,24,17,9.600717916799999,6.8005085244,10.00074783,7.2005384376
291,39,26,17,10.400777743199999,6.8005085244,10.8008076564,7.2005384376
292,31,27,17,10.8008076564,6.8005085244,11.200837569599999,7.2005384376
293,32,28,17,11.200837569599999,6.8005085244,11.6008674828,7.2005384376
294,39,29,17,11.6008674828,6.8005085244,12.000897396,7.2005384376
295,39,31,17,12.4009273092,6.8005085244,12.8009572224,7.2005384376
296,47,32,17,12.8009572224,6.8005085244,13.200987135599998,7.2005384376
297,42,30,17,12.000897396,6.8005085244,12.4009273092,7.2005384376
298,56,33,17,13.200987135599998,6.8005085244,13.6010170488,7.2005384376
299,41,34,17,13.6010170488,6.8005085244,14.001046961999998,7.2005384376
300,23,35,17,14.001046961999998,6.8005085244,14.4010768752,7.2005384376
301,5,37,17,14.801106788399998,6.8005085244,15.04758466,7.2005384376
302,19,36,17,14.4010768752,6.8005085244,14.801106788399998,7.2005384376
303,42,3,16,1.2000897395999999,6.4004786112,1.6001196528,6.8005085244
304,31,2,16,0.8000598264,6.4004786112,1.2000897395999999,6.8005085244
305,15,0,16,0.0,6.4004786112,0.4000299132,6.8005085244
306,19,1,16,0.4000299132,6.4004786112,0.8000598264,6.8005085244
307,35,4,16,1.6001196528,6.4004786112,2.0001495659999997,6.8005085244
308,33,5,16,2.0001495659999997,6.4004786112,2.4001794791999997,6.8005085244
309,29,6,16,2.4001794791999997,6.4004786112,2.8002093923999998,6.8005085244
310,43,7,16,2.8002093923999998,6.4004786112,3.2002393056,6.8005085244
311,43,8,16,3.2002393056,6.4004786112,3.6002692188,6.8005085244
312,36,9,16,3.6002692188,6.4004786112,4.000299131999999,6.8005085244
313,37,10,16,4.000299131999999,6.4004786112,4.4003290451999995,6.8005085244
314,41,11,16,4.4003290451999995,6.4004786112,4.8003589583999995,6.8005085244
315,51,13,16,5.2003888715999995,6.4004786112,5.6004187847999995,6.8005085244
316,41,12,16,4.8003589583999995,6.4004786112,5.2003888715999995,6.8005085244
317,36,14,16,5.6004187847999995,6.4004786112,6.000448698,6.8005085244
318,40,15,16,6.000448698,6.4004786112,6.4004786112,6.8005085244
319,52,16,16,6.4004786112,6.4004786112,6.8005085244,6.8005085244
320,41,18,16,7.2005384376,6.4004786112,7.6005683508,6.8005085244
321,43,17,16,6.8005085244,6.4004786112,7.2005384376,6.8005085244
322,41,19,16,7.6005683508,6.4004786112,8.000598263999999,6.8005085244
323,39,20,16,8.000598263999999,6.4004786112,8.4006281772,6.8005085244
324,38,21,16,8.4006281772,6.4004786112,8.800658090399999,6.8005085244
325,53,22,16,8.800658090399999,6.4004786112,9.2006880036,6.8005085244
326,46,23,16,9.2006880036,6.4004786112,9.600717916799999,6.8005085244
327,48,24,16,9.600717916799999,6.4004786112,10.00074783,6.8005085244
328,47,25,16,10.00074783,6.4004786112,10.400777743199999,6.8005085244
329,31,26,16,10.400777743199999,6.4004786112,10.8008076564,6.8005085244
330,29,27,16,10.8008076564,6.4004786112,11.200837569599999,6.8005085244
331,35,28,16,11.200837569599999,6.4004786112,11.6008674828,6.8005085244
332,39,29,16,11.6008674828,6.4004786112,12.000897396,6.8005085244
333,38,30,16,12.000897396,6.4004786112,12.4009273092,6.8005085244
334,35,31,16,12.4009273092,6.4004786112,12.8009572224,6.8005085244
335,48,32,16,12.8009572224,6.4004786112,13.200987135599998,6.8005085244
336,51,33,16,13.200987135599998,6.4004786112,13.6010170488,6.8005085244
337,34,34,16,13.6010170488,6.4004786112,14.001046961999998,6.8005085244
338,16,36,16,14.4010768752,6.4004786112,14.801106788399998,6.8005085244
339,19,35,16,14.001046961999998,6.4004786112,14.4010768752,6.8005085244
340,19,1,15,0.4000299132,6.000448698,0.8000598264,6.4004786112
341,36,3,15,1.2000897395999999,6.000448698,1.6001196528,6.4004786112
342,22,2,15,0.8000598264,6.000448698,1.2000897395999999,6.4004786112
343,6,0,17,0.0,6.8005085244,0.4000299132,7.2005384376
344,18,0,15,0.0,6.000448698,0.4000299132,6.4004786112
345,37,4,15,1.6001196528,6.000448698,2.0001495659999997,6.4004786112
346,27,5,15,2.0001495659999997,6.000448698,2.4001794791999997,6.4004786112
347,38,4,14,1.6001196528,5.6004187847999995,2.0001495659999997,6.000448698
348,39,6,15,2.4001794791999997,6.000448698,2.8002093923999998,6.4004786112
349,39,3,14,1.2000897395999999,5.6004187847999995,1.6001196528,6.000448698
350,41,7,15,2.8002093923999998,6.000448698,3.2002393056,6.4004786112
351,37,8,15,3.2002393056,6.000448698,3.6002692188,6.4004786112
352,29,9,15,3.6002692188,6.000448698,4.000299131999999,6.4004786112
353,34,8,14,3.2002393056,5.6004187847999995,3.6002692188,6.000448698
354,40,10,15,4.000299131999999,6.000448698,4.4003290451999995,6.4004786112
355,36,11,15,4.4003290451999995,6.000448698,4.8003589583999995,6.4004786112
356,33,12,15,4.8003589583999995,6.000448698,5.2003888715999995,6.4004786112
357,41,13,15,5.2003888715999995,6.000448698,5.6004187847999995,6.4004786112
358,38,14,15,5.6004187847999995,6.000448698,6.000448698,6.4004786112
359,37,15,15,6.000448698,6.000448698,6.4004786112,6.4004786112
360,42,16,15,6.4004786112,6.000448698,6.8005085244,6.4004786112
361,37,15,14,6.000448698,5.6004187847999995,6.4004786112,6.000448698
362,41,17,15,6.8005085244,6.000448698,7.2005384376,6.4004786112
363,49,18,15,7.2005384376,6.000448698,7.6005683508,6.4004786112
364,35,19,15,7.6005683508,6.000448698,8.000598263999999,6.4004786112
365,30,20,15,8.000598263999999,6.000448698,8.4006281772,6.4004786112
366,36,21,15,8.4006281772,6.000448698,8.800658090399999,6.4004786112
367,45,22,15,8.800658090399999,6.000448698,9.2006880036,6.4004786112
368,38,24,15,9.600717916799999,6.000448698,10.00074783,6.4004786112
369,30,25,15,10.00074783,6.000448698,10.400777743199999,6.4004786112
370,30,23,15,9.2006880036,6.000448698,9.600717916799999,6.4004786112
371,52,23,14,9.2006880036,5.6004187847999995,9.600717916799999,6.000448698
372,44,26,15,10.400777743199999,6.000448698,10.8008076564,6.4004786112
373,28,27,15,10.8008076564,6.000448698,11.200837569599999,6.4004786112
374,35,25,14,10.00074783,5.6004187847999995,10.400777743199999,6.000448698
375,45,28,15,11.200837569599999,6.000448698,11.6008674828,6.4004786112
376,39,29,15,11.6008674828,6.000448698,12.000897396,6.4004786112
377,39,30,15,12.000897396,6.000448698,12.4009273092,6.4004786112
378,26,32,15,12.8009572224,6.000448698,13.200987135599998,6.4004786112
379,49,31,15,12.4009273092,6.000448698,12.8009572224,6.4004786112
380,42,33,15,13.200987135599998,6.000448698,13.6010170488,6.4004786112
381,28,35,15,14.001046961999998,6.000448698,14.4010768752,6.4004786112
382,16,36,15,14.4010768752,6.000448698,14.801106788399998,6.4004786112
383,31,34,15,13.6010170488,6.000448698,14.001046961999998,6.4004786112
384,2,37,16,14.801106788399998,6.4004786112,15.04758466,6.8005085244
385,22,35,14,14.001046961999998,5.6004187847999995,14.4010768752,6.000448698
386,6,37,15,14.801106788399998,6.000448698,15.04758466,6.4004786112
387,30,2,14,0.8000598264,5.6004187847999995,1.2000897395999999,6.000448698
388,17,1,14,0.4000299132,5.6004187847999995,0.8000598264,6.000448698
389,15,0,14,0.0,5.6004187847999995,0.4000299132,6.000448698
390,17,1,13,0.4000299132,5.2003888715999995,0.8000598264,5.6004187847999995
391,31,3,13,1.2000897395999999,5.2003888715999995,1.6001196528,5.6004187847999995
392,32,2,13,0.8000598264,5.2003888715999995,1.2000897395999999,5.6004187847999995
393,31,6,14,2.4001794791999997,5.6004187847999995,2.8002093923999998,6.000448698
394,32,5,14,2.0001495659999997,5.6004187847999995,2.4001794791999997,6.000448698
395,28,6,13,2.4001794791999997,5.2003888715999995,2.8002093923999998,5.6004187847999995
396,34,7,14,2.8002093923999998,5.6004187847999995,3.2002393056,6.000448698
397,32,5,13,2.0001495659999997,5.2003888715999995,2.4001794791999997,5.6004187847999995
398,34,9,14,3.6002692188,5.6004187847999995,4.000299131999999,6.000448698
399,28,7,13,2.8002093923999998,5.2003888715999995,3.2002393056,5.6004187847999995
400,45,10,13,4.000299131999999,5.2003888715999995,4.4003290451999995,5.6004187847999995
401,31,8,13,3.2002393056,5.2003888715999995,3.6002692188,5.6004187847999995
402,38,10,14,4.000299131999999,5.6004187847999995,4.4003290451999995,6.000448698
403,41,12,14,4.8003589583999995,5.6004187847999995,5.2003888715999995,6.000448698
404,27,11,14,4.4003290451999995,5.6004187847999995,4.8003589583999995,6.000448698
405,55,12,13,4.8003589583999995,5.2003888715999995,5.2003888715999995,5.6004187847999995
406,50,13,14,5.2003888715999995,5.6004187847999995,5.6004187847999995,6.000448698
407,40,11,13,4.4003290451999995,5.2003888715999995,4.8003589583999995,5.6004187847999995
408,27,14,14,5.6004187847999995,5.6004187847999995,6.000448698,6.000448698
409,39,16,14,6.4004786112,5.6004187847999995,6.8005085244,6.000448698
410,42,14,13,5.6004187847999995,5.2003888715999995,6.000448698,5.6004187847999995
411,39,17,14,6.8005085244,5.6004187847999995,7.2005384376,6.000448698
412,32,17,13,6.8005085244,5.2003888715999995,7.2005384376,5.6004187847999995
413,41,19,14,7.6005683508,5.6004187847999995,8.000598263999999,6.000448698
414,34,18,14,7.2005384376,5.6004187847999995,7.6005683508,6.000448698
415,42,18,13,7.2005384376,5.2003888715999995,7.6005683508,5.6004187847999995
416,30,20,14,8.000598263999999,5.6004187847999995,8.4006281772,6.000448698
417,39,19,13,7.6005683508,5.2003888715999995,8.000598263999999,5.6004187847999995
418,35,22,14,8.800658090399999,5.6004187847999995,9.2006880036,6.000448698
419,32,21,14,8.4006281772,5.6004187847999995,8.800658090399999,6.000448698
420,34,20,13,8.000598263999999,5.2003888715999995,8.4006281772,5.6004187847999995
421,34,22,13,8.800658090399999,5.2003888715999995,9.2006880036,5.6004187847999995
422,33,21,13,8.4006281772,5.2003888715999995,8.800658090399999,5.6004187847999995
423,37,24,14,9.600717916799999,5.6004187847999995,10.00074783,6.000448698
424,30,23,13,9.2006880036,5.2003888715999995,9.600717916799999,5.6004187847999995
425,44,24,13,9.600717916799999,5.2003888715999995,10.00074783,5.6004187847999995
426,43,26,14,10.400777743199999,5.6004187847999995,10.8008076564,6.000448698
427,28,25,13,10.00074783,5.2003888715999995,10.400777743199999,5.6004187847999995
428,44,27,13,10.8008076564,5.2003888715999995,11.200837569599999,5.6004187847999995
429,30,27,14,10.8008076564,5.6004187847999995,11.200837569599999,6.000448698
430,30,26,13,10.400777743199999,5.2003888715999995,10.8008076564,5.6004187847999995
431,34,28,14,11.200837569599999,5.6004187847999995,11.6008674828,6.000448698
432,34,28,13,11.200837569599999,5.2003888715999995,11.6008674828,5.6004187847999995
433,39,30,13,12.000897396,5.2003888715999995,12.4009273092,5.6004187847999995
434,39,30,14,12.000897396,5.6004187847999995,12.4009273092,6.000448698
435,32,29,13,11.6008674828,5.2003888715999995,12.000897396,5.6004187847999995
436,23,29,14,11.6008674828,5.6004187847999995,12.000897396,6.000448698
437,39,31,14,12.4009273092,5.6004187847999995,12.8009572224,6.000448698
438,32,32,14,12.8009572224,5.6004187847999995,13.200987135599998,6.000448698
439,28,31,13,12.4009273092,5.2003888715999995,12.8009572224,5.6004187847999995
440,30,33,14,13.200987135599998,5.6004187847999995,13.6010170488,6.000448698
441,33,34,14,13.6010170488,5.6004187847999995,14.001046961999998,6.000448698
442,38,33,13,13.200987135599998,5.2003888715999995,13.6010170488,5.6004187847999995
443,16,36,14,14.4010768752,5.6004187847999995,14.801106788399998,6.000448698
444,25,35,13,14.001046961999998,5.2003888715999995,14.4010768752,5.6004187847999995
445,28,34,13,13.6010170488,5.2003888715999995,14.001046961999998,5.6004187847999995
446,7,37,14,14.801106788399998,5.6004187847999995,15.04758466,6.000448698
447,10,36,13,14.4010768752,5.2003888715999995,14.801106788399998,5.6004187847999995
448,26,3,12,1.2000897395999999,4.8003589583999995,1.6001196528,5.2003888715999995
449,4,0,13,0.0,5.2003888715999995,0.4000299132,5.6004187847999995
450,17,1,12,0.4000299132,4.8003589583999995,0.8000598264,5.2003888715999995
451,27,4,13,1.6001196528,5.2003888715999995,2.0001495659999997,5.6004187847999995
452,34,4,12,1.6001196528,4.8003589583999995,2.0001495659999997,5.2003888715999995
453,29,6,12,2.4001794791999997,4.8003589583999995,2.8002093923999998,5.2003888715999995
454,43,5,12,2.0001495659999997,4.8003589583999995,2.4001794791999997,5.2003888715999995
455,30,9,13,3.6002692188,5.2003888715999995,4.000299131999999,5.6004187847999995
456,39,8,12,3.2002393056,4.8003589583999995,3.6002692188,5.2003888715999995
457,34,10,12,4.000299131999999,4.8003589583999995,4.4003290451999995,5.2003888715999995
458,42,9,12,3.6002692188,4.8003589583999995,4.000299131999999,5.2003888715999995
459,37,11,12,4.4003290451999995,4.8003589583999995,4.8003589583999995,5.2003888715999995
460,44,12,12,4.8003589583999995,4.8003589583999995,5.2003888715999995,5.2003888715999995
461,47,13,13,5.2003888715999995,5.2003888715999995,5.6004187847999995,5.6004187847999995
462,46,13,12,5.2003888715999995,4.8003589583999995,5.6004187847999995,5.2003888715999995
463,44,15,13,6.000448698,5.2003888715999995,6.4004786112,5.6004187847999995
464,43,16,13,6.4004786112,5.2003888715999995,6.8005085244,5.6004187847999995
465,39,15,12,6.000448698,4.8003589583999995,6.4004786112,5.2003888715999995
466,28,14,12,5.6004187847999995,4.8003589583999995,6.000448698,5.2003888715999995
467,40,16,12,6.4004786112,4.8003589583999995,6.8005085244,5.2003888715999995
468,43,17,12,6.8005085244,4.8003589583999995,7.2005384376,5.2003888715999995
469,47,18,12,7.2005384376,4.8003589583999995,7.6005683508,5.2003888715999995
470,33,19,12,7.6005683508,4.8003589583999995,8.000598263999999,5.2003888715999995
471,35,21,12,8.4006281772,4.8003589583999995,8.800658090399999,5.2003888715999995
472,45,20,12,8.000598263999999,4.8003589583999995,8.4006281772,5.2003888715999995
473,39,22,12,8.800658090399999,4.8003589583999995,9.2006880036,5.2003888715999995
474,39,23,12,9.2006880036,4.8003589583999995,9.600717916799999,5.2003888715999995
475,37,24,12,9.600717916799999,4.8003589583999995,10.00074783,5.2003888715999995
476,30,26,12,10.400777743199999,4.8003589583999995,10.8008076564,5.2003888715999995
477,31,25,12,10.00074783,4.8003589583999995,10.400777743199999,5.2003888715999995
478,40,27,12,10.8008076564,4.8003589583999995,11.200837569599999,5.2003888715999995
479,47,29,12,11.6008674828,4.8003589583999995,12.000897396,5.2003888715999995
480,48,28,12,11.200837569599999,4.8003589583999995,11.6008674828,5.2003888715999995
481,31,30,12,12.000897396,4.8003589583999995,12.4009273092,5.2003888715999995
482,34,32,13,12.8009572224,5.2003888715999995,13.200987135599998,5.6004187847999995
483,51,31,12,12.4009273092,4.8003589583999995,12.8009572224,5.2003888715999995
484,32,32,12,12.8009572224,4.8003589583999995,13.200987135599998,5.2003888715999995
485,38,34,12,13.6010170488,4.8003589583999995,14.001046961999998,5.2003888715999995
486,4,36,12,14.4010768752,4.8003589583999995,14.801106788399998,5.2003888715999995
487,12,35,12,14.001046961999998,4.8003589583999995,14.4010768752,5.2003888715999995
488,7,37,13,14.801106788399998,5.2003888715999995,15.04758466,5.6004187847999995
489,19,2,12,0.8000598264,4.8003589583999995,1.2000897395999999,5.2003888715999995
490,26,2,11,0.8000598264,4.4003290451999995,1.2000897395999999,4.8003589583999995
491,13,0,11,0.0,4.4003290451999995,0.4000299132,4.8003589583999995
492,6,0,12,0.0,4.8003589583999995,0.4000299132,5.2003888715999995
493,33,3,11,1.2000897395999999,4.4003290451999995,1.6001196528,4.8003589583999995
494,33,4,11,1.6001196528,4.4003290451999995,2.0001495659999997,4.8003589583999995
495,21,1,11,0.4000299132,4.4003290451999995,0.8000598264,4.8003589583999995
496,34,5,11,2.0001495659999997,4.4003290451999995,2.4001794791999997,4.8003589583999995
497,27,6,11,2.4001794791999997,4.4003290451999995,2.8002093923999998,4.8003589583999995
498,31,7,12,2.8002093923999998,4.8003589583999995,3.2002393056,5.2003888715999995
499,38,7,11,2.8002093923999998,4.4003290451999995,3.2002393056,4.8003589583999995
500,32,8,11,3.2002393056,4.4003290451999995,3.6002692188,4.8003589583999995
501,41,10,11,4.000299131999999,4.4003290451999995,4.4003290451999995,4.8003589583999995
502,34,9,11,3.6002692188,4.4003290451999995,4.000299131999999,4.8003589583999995
503,32,11,11,4.4003290451999995,4.4003290451999995,4.8003589583999995,4.8003589583999995
504,37,12,11,4.8003589583999995,4.4003290451999995,5.2003888715999995,4.8003589583999995
505,44,14,11,5.6004187847999995,4.4003290451999995,6.000448698,4.8003589583999995
506,45,13,11,5.2003888715999995,4.4003290451999995,5.6004187847999995,4.8003589583999995
507,48,15,11,6.000448698,4.4003290451999995,6.4004786112,4.8003589583999995
508,49,17,11,6.8005085244,4.4003290451999995,7.2005384376,4.8003589583999995
509,41,18,11,7.2005384376,4.4003290451999995,7.6005683508,4.8003589583999995
510,44,19,11,7.6005683508,4.4003290451999995,8.000598263999999,4.8003589583999995
511,37,20,11,8.000598263999999,4.4003290451999995,8.4006281772,4.8003589583999995
512,39,21,11,8.4006281772,4.4003290451999995,8.800658090399999,4.8003589583999995
513,39,22,11,8.800658090399999,4.4003290451999995,9.2006880036,4.8003589583999995
514,44,23,11,9.2006880036,4.4003290451999995,9.600717916799999,4.8003589583999995
515,46,24,11,9.600717916799999,4.4003290451999995,10.00074783,4.8003589583999995
516,42,25,11,10.00074783,4.4003290451999995,10.400777743199999,4.8003589583999995
517,34,28,11,11.200837569599999,4.4003290451999995,11.6008674828,4.8003589583999995
518,33,27,11,10.8008076564,4.4003290451999995,11.200837569599999,4.8003589583999995
519,45,29,11,11.6008674828,4.4003290451999995,12.000897396,4.8003589583999995
520,26,31,11,12.4009273092,4.4003290451999995,12.8009572224,4.8003589583999995
521,35,33,11,13.200987135599998,4.4003290451999995,13.6010170488,4.8003589583999995
522,23,33,12,13.200987135599998,4.8003589583999995,13.6010170488,5.2003888715999995
523,43,32,11,12.8009572224,4.4003290451999995,13.200987135599998,4.8003589583999995
524,28,34,11,13.6010170488,4.4003290451999995,14.001046961999998,4.8003589583999995
525,5,37,12,14.801106788399998,4.8003589583999995,15.04758466,5.2003888715999995
526,24,35,11,14.001046961999998,4.4003290451999995,14.4010768752,4.8003589583999995
527,15,36,11,14.4010768752,4.4003290451999995,14.801106788399998,4.8003589583999995
528,34,2,10,0.8000598264,4.000299131999999,1.2000897395999999,4.4003290451999995
529,16,1,10,0.4000299132,4.000299131999999,0.8000598264,4.4003290451999995
530,10,0,10,0.0,4.000299131999999,0.4000299132,4.4003290451999995
531,36,3,10,1.2000897395999999,4.000299131999999,1.6001196528,4.4003290451999995
532,41,4,10,1.6001196528,4.000299131999999,2.0001495659999997,4.4003290451999995
533,29,6,10,2.4001794791999997,4.000299131999999,2.8002093923999998,4.4003290451999995
534,34,5,10,2.0001495659999997,4.000299131999999,2.4001794791999997,4.4003290451999995
535,39,7,10,2.8002093923999998,4.000299131999999,3.2002393056,4.4003290451999995
536,41,8,10,3.2002393056,4.000299131999999,3.6002692188,4.4003290451999995
537,29,9,10,3.6002692188,4.000299131999999,4.000299131999999,4.4003290451999995
538,32,10,10,4.000299131999999,4.000299131999999,4.4003290451999995,4.4003290451999995
539,37,11,10,4.4003290451999995,4.000299131999999,4.8003589583999995,4.4003290451999995
540,34,12,10,4.8003589583999995,4.000299131999999,5.2003888715999995,4.4003290451999995
541,45,13,10,5.2003888715999995,4.000299131999999,5.6004187847999995,4.4003290451999995
542,34,14,10,5.6004187847999995,4.000299131999999,6.000448698,4.4003290451999995
543,43,15,10,6.000448698,4.000299131999999,6.4004786112,4.4003290451999995
544,32,16,11,6.4004786112,4.4003290451999995,6.8005085244,4.8003589583999995
545,36,17,10,6.8005085244,4.000299131999999,7.2005384376,4.4003290451999995
546,35,16,10,6.4004786112,4.000299131999999,6.8005085244,4.4003290451999995
547,60,18,10,7.2005384376,4.000299131999999,7.6005683508,4.4003290451999995
548,47,19,10,7.6005683508,4.000299131999999,8.000598263999999,4.4003290451999995
549,42,20,10,8.000598263999999,4.000299131999999,8.4006281772,4.4003290451999995
550,42,22,10,8.800658090399999,4.000299131999999,9.2006880036,4.4003290451999995
551,36,21,10,8.4006281772,4.000299131999999,8.800658090399999,4.4003290451999995
552,31,23,10,9.2006880036,4.000299131999999,9.600717916799999,4.4003290451999995
553,39,24,10,9.600717916799999,4.000299131999999,10.00074783,4.4003290451999995
554,31,26,11,10.400777743199999,4.4003290451999995,10.8008076564,4.8003589583999995
555,37,25,10,10.00074783,4.000299131999999,10.400777743199999,4.4003290451999995
556,29,26,10,10.400777743199999,4.000299131999999,10.8008076564,4.4003290451999995
557,38,28,10,11.200837569599999,4.000299131999999,11.6008674828,4.4003290451999995
558,34,27,10,10.8008076564,4.000299131999999,11.200837569599999,4.4003290451999995
559,26,30,11,12.000897396,4.4003290451999995,12.4009273092,4.8003589583999995
560,34,29,10,11.6008674828,4.000299131999999,12.000897396,4.4003290451999995
561,34,31,10,12.4009273092,4.000299131999999,12.8009572224,4.4003290451999995
562,41,30,10,12.000897396,4.000299131999999,12.4009273092,4.4003290451999995
563,21,32,10,12.8009572224,4.000299131999999,13.200987135599998,4.4003290451999995
564,30,33,10,13.200987135599998,4.000299131999999,13.6010170488,4.4003290451999995
565,22,34,10,13.6010170488,4.000299131999999,14.001046961999998,4.4003290451999995
566,17,35,10,14.001046961999998,4.000299131999999,14.4010768752,4.4003290451999995
567,7,37,11,14.801106788399998,4.4003290451999995,15.04758466,4.8003589583999995
568,13,36,10,14.4010768752,4.000299131999999,14.801106788399998,4.4003290451999995
569,31,2,9,0.8000598264,3.6002692188,1.2000897395999999,4.000299131999999
570,28,1,9,0.4000299132,3.6002692188,0.8000598264,4.000299131999999
571,38,3,9,1.2000897395999999,3.6002692188,1.6001196528,4.000299131999999
572,31,4,9,1.6001196528,3.6002692188,2.0001495659999997,4.000299131999999
573,35,5,9,2.0001495659999997,3.6002692188,2.4001794791999997,4.000299131999999
574,36,6,9,2.4001794791999997,3.6002692188,2.8002093923999998,4.000299131999999
575,33,7,9,2.8002093923999998,3.6002692188,3.2002393056,4.000299131999999
576,30,8,9,3.2002393056,3.6002692188,3.6002692188,4.000299131999999
577,34,10,9,4.000299131999999,3.6002692188,4.4003290451999995,4.000299131999999
578,27,9,9,3.6002692188,3.6002692188,4.000299131999999,4.000299131999999
579,40,12,9,4.8003589583999995,3.6002692188,5.2003888715999995,4.000299131999999
580,42,11,9,4.4003290451999995,3.6002692188,4.8003589583999995,4.000299131999999
581,34,13,9,5.2003888715999995,3.6002692188,5.6004187847999995,4.000299131999999
582,43,14,9,5.6004187847999995,3.6002692188,6.000448698,4.000299131999999
583,40,15,9,6.000448698,3.6002692188,6.4004786112,4.000299131999999
584,35,16,9,6.4004786112,3.6002692188,6.8005085244,4.000299131999999
585,31,17,9,6.8005085244,3.6002692188,7.2005384376,4.000299131999999
586,46,18,9,7.2005384376,3.6002692188,7.6005683508,4.000299131999999
587,40,19,9,7.6005683508,3.6002692188,8.000598263999999,4.000299131999999
588,42,20,9,8.000598263999999,3.6002692188,8.4006281772,4.000299131999999
589,53,21,9,8.4006281772,3.6002692188,8.800658090399999,4.000299131999999
590,37,22,9,8.800658090399999,3.6002692188,9.2006880036,4.000299131999999
591,47,23,9,9.2006880036,3.6002692188,9.600717916799999,4.000299131999999
592,46,24,9,9.600717916799999,3.6002692188,10.00074783,4.000299131999999
593,25,25,9,10.00074783,3.6002692188,10.400777743199999,4.000299131999999
594,40,27,9,10.8008076564,3.6002692188,11.200837569599999,4.000299131999999
595,47,26,9,10.400777743199999,3.6002692188,10.8008076564,4.000299131999999
596,25,28,9,11.200837569599999,3.6002692188,11.6008674828,4.000299131999999
597,43,29,9,11.6008674828,3.6002692188,12.000897396,4.000299131999999
598,48,30,9,12.000897396,3.6002692188,12.4009273092,4.000299131999999
599,47,31,9,12.4009273092,3.6002692188,12.8009572224,4.000299131999999
600,44,32,9,12.8009572224,3.6002692188,13.200987135599998,4.000299131999999
601,32,33,9,13.200987135599998,3.6002692188,13.6010170488,4.000299131999999
602,29,34,9,13.6010170488,3.6002692188,14.001046961999998,4.000299131999999
603,26,35,9,14.001046961999998,3.6002692188,14.4010768752,4.000299131999999
604,11,36,9,14.4010768752,3.6002692188,14.801106788399998,4.000299131999999
605,4,37,10,14.801106788399998,4.000299131999999,15.04758466,4.4003290451999995
606,8,0,9,0.0,3.6002692188,0.4000299132,4.000299131999999
607,21,1,8,0.4000299132,3.2002393056,0.8000598264,3.6002692188
608,35,2,8,0.8000598264,3.2002393056,1.2000897395999999,3.6002692188
609,41,3,8,1.2000897395999999,3.2002393056,1.6001196528,3.6002692188
610,11,0,8,0.0,3.2002393056,0.4000299132,3.6002692188
611,36,4,8,1.6001196528,3.2002393056,2.0001495659999997,3.6002692188
612,37,6,8,2.4001794791999997,3.2002393056,2.8002093923999998,3.6002692188
613,36,5,8,2.0001495659999997,3.2002393056,2.4001794791999997,3.6002692188
614,41,7,8,2.8002093923999998,3.2002393056,3.2002393056,3.6002692188
615,36,8,8,3.2002393056,3.2002393056,3.6002692188,3.6002692188
616,44,9,8,3.6002692188,3.2002393056,4.000299131999999,3.6002692188
617,35,10,8,4.000299131999999,3.2002393056,4.4003290451999995,3.6002692188
618,38,11,8,4.4003290451999995,3.2002393056,4.8003589583999995,3.6002692188
619,42,12,8,4.8003589583999995,3.2002393056,5.2003888715999995,3.6002692188
620,36,13,8,5.2003888715999995,3.2002393056,5.6004187847999995,3.6002692188
621,52,14,8,5.6004187847999995,3.2002393056,6.000448698,3.6002692188
622,43,16,8,6.4004786112,3.2002393056,6.8005085244,3.6002692188
623,36,15,8,6.000448698,3.2002393056,6.4004786112,3.6002692188
624,41,17,8,6.8005085244,3.2002393056,7.2005384376,3.6002692188
625,43,18,8,7.2005384376,3.2002393056,7.6005683508,3.6002692188
626,46,19,8,7.6005683508,3.2002393056,8.000598263999999,3.6002692188
627,38,21,8,8.4006281772,3.2002393056,8.800658090399999,3.6002692188
628,43,20,8,8.000598263999999,3.2002393056,8.4006281772,3.6002692188
629,48,22,8,8.800658090399999,3.2002393056,9.2006880036,3.6002692188
630,37,23,8,9.2006880036,3.2002393056,9.600717916799999,3.6002692188
631,39,24,8,9.600717916799999,3.2002393056,10.00074783,3.6002692188
632,43,25,8,10.00074783,3.2002393056,10.400777743199999,3.6002692188
633,46,26,8,10.400777743199999,3.2002393056,10.8008076564,3.6002692188
634,46,27,8,10.8008076564,3.2002393056,11.200837569599999,3.6002692188
635,48,28,8,11.200837569599999,3.2002393056,11.6008674828,3.6002692188
636,43,29,8,11.6008674828,3.2002393056,12.000897396,3.6002692188
637,42,30,8,12.000897396,3.2002393056,12.4009273092,3.6002692188
638,36,32,8,12.8009572224,3.2002393056,13.200987135599998,3.6002692188
639,51,31,8,12.4009273092,3.2002393056,12.8009572224,3.6002692188
640,27,34,8,13.6010170488,3.2002393056,14.001046961999998,3.6002692188
641,35,33,8,13.200987135599998,3.2002393056,13.6010170488,3.6002692188
642,25,35,8,14.001046961999998,3.2002393056,14.4010768752,3.6002692188
643,9,36,8,14.4010768752,3.2002393056,14.801106788399998,3.6002692188
644,5,37,9,14.801106788399998,3.6002692188,15.04758466,4.000299131999999
645,4,37,8,14.801106788399998,3.2002393056,15.04758466,3.6002692188
646,32,3,7,1.2000897395999999,2.8002093923999998,1.6001196528,3.2002393056
647,36,2,7,0.8000598264,2.8002093923999998,1.2000897395999999,3.2002393056
648,38,4,7,1.6001196528,2.8002093923999998,2.0001495659999997,3.2002393056
649,12,0,7,0.0,2.8002093923999998,0.4000299132,3.2002393056
650,27,2,6,0.8000598264,2.4001794791999997,1.2000897395999999,2.8002093923999998
651,26,1,7,0.4000299132,2.8002093923999998,0.8000598264,3.2002393056
652,46,5,7,2.0001495659999997,2.8002093923999998,2.4001794791999997,3.2002393056
653,31,6,7,2.4001794791999997,2.8002093923999998,2.8002093923999998,3.2002393056
654,44,8,7,3.2002393056,2.8002093923999998,3.6002692188,3.2002393056
655,33,7,7,2.8002093923999998,2.8002093923999998,3.2002393056,3.2002393056
656,50,9,7,3.6002692188,2.8002093923999998,4.000299131999999,3.2002393056
657,45,10,7,4.000299131999999,2.8002093923999998,4.4003290451999995,3.2002393056
658,36,8,6,3.2002393056,2.4001794791999997,3.6002692188,2.8002093923999998
659,36,11,7,4.4003290451999995,2.8002093923999998,4.8003589583999995,3.2002393056
660,53,9,6,3.6002692188,2.4001794791999997,4.000299131999999,2.8002093923999998
661,40,12,7,4.8003589583999995,2.8002093923999998,5.2003888715999995,3.2002393056
662,27,13,7,5.2003888715999995,2.8002093923999998,5.6004187847999995,3.2002393056
663,28,15,7,6.000448698,2.8002093923999998,6.4004786112,3.2002393056
664,28,14,7,5.6004187847999995,2.8002093923999998,6.000448698,3.2002393056
665,36,14,6,5.6004187847999995,2.4001794791999997,6.000448698,2.8002093923999998
666,34,15,6,6.000448698,2.4001794791999997,6.4004786112,2.8002093923999998
667,56,17,7,6.8005085244,2.8002093923999998,7.2005384376,3.2002393056
668,41,16,7,6.4004786112,2.8002093923999998,6.8005085244,3.2002393056
669,47,18,7,7.2005384376,2.8002093923999998,7.6005683508,3.2002393056
670,42,19,7,7.6005683508,2.8002093923999998,8.000598263999999,3.2002393056
671,46,18,6,7.2005384376,2.4001794791999997,7.6005683508,2.8002093923999998
672,45,20,7,8.000598263999999,2.8002093923999998,8.4006281772,3.2002393056
673,35,19,6,7.6005683508,2.4001794791999997,8.000598263999999,2.8002093923999998
674,41,21,7,8.4006281772,2.8002093923999998,8.800658090399999,3.2002393056
675,37,20,6,8.000598263999999,2.4001794791999997,8.4006281772,2.8002093923999998
676,44,23,7,9.2006880036,2.8002093923999998,9.600717916799999,3.2002393056
677,35,22,7,8.800658090399999,2.8002093923999998,9.2006880036,3.2002393056
678,41,24,7,9.600717916799999,2.8002093923999998,10.00074783,3.2002393056
679,35,22,6,8.800658090399999,2.4001794791999997,9.2006880036,2.8002093923999998
680,34,24,6,9.600717916799999,2.4001794791999997,10.00074783,2.8002093923999998
681,42,25,7,10.00074783,2.8002093923999998,10.400777743199999,3.2002393056
682,51,25,6,10.00074783,2.4001794791999997,10.400777743199999,2.8002093923999998
683,45,26,7,10.400777743199999,2.8002093923999998,10.8008076564,3.2002393056
684,40,27,7,10.8008076564,2.8002093923999998,11.200837569599999,3.2002393056
685,45,26,6,10.400777743199999,2.4001794791999997,10.8008076564,2.8002093923999998
686,36,28,7,11.200837569599999,2.8002093923999998,11.6008674828,3.2002393056
687,42,29,7,11.6008674828,2.8002093923999998,12.000897396,3.2002393056
688,44,30,7,12.000897396,2.8002093923999998,12.4009273092,3.2002393056
689,46,29,6,11.6008674828,2.4001794791999997,12.000897396,2.8002093923999998
690,42,27,6,10.8008076564,2.4001794791999997,11.200837569599999,2.8002093923999998
691,61,31,7,12.4009273092,2.8002093923999998,12.8009572224,3.2002393056
692,37,30,6,12.000897396,2.4001794791999997,12.4009273092,2.8002093923999998
693,33,33,7,13.200987135599998,2.8002093923999998,13.6010170488,3.2002393056
694,49,32,7,12.8009572224,2.8002093923999998,13.200987135599998,3.2002393056
695,39,32,6,12.8009572224,2.4001794791999997,13.200987135599998,2.8002093923999998
696,36,34,7,13.6010170488,2.8002093923999998,14.001046961999998,3.2002393056
697,36,34,6,13.6010170488,2.4001794791999997,14.001046961999998,2.8002093923999998
698,23,35,7,14.001046961999998,2.8002093923999998,14.4010768752,3.2002393056
699,9,36,7,14.4010768752,2.8002093923999998,14.801106788399998,3.2002393056
700,41,3,6,1.2000897395999999,2.4001794791999997,1.6001196528,2.8002093923999998
701,39,3,5,1.2000897395999999,2.0001495659999997,1.6001196528,2.4001794791999997
702,21,1,5,0.4000299132,2.0001495659999997,0.8000598264,2.4001794791999997
703,21,1,6,0.4000299132,2.4001794791999997,0.8000598264,2.8002093923999998
704,44,4,6,1.6001196528,2.4001794791999997,2.0001495659999997,2.8002093923999998
705,30,2,5,0.8000598264,2.0001495659999997,1.2000897395999999,2.4001794791999997
706,41,4,5,1.6001196528,2.0001495659999997,2.0001495659999997,2.4001794791999997
707,33,5,6,2.0001495659999997,2.4001794791999997,2.4001794791999997,2.8002093923999998
708,36,6,6,2.4001794791999997,2.4001794791999997,2.8002093923999998,2.8002093923999998
709,35,7,6,2.8002093923999998,2.4001794791999997,3.2002393056,2.8002093923999998
710,35,6,5,2.4001794791999997,2.0001495659999997,2.8002093923999998,2.4001794791999997
711,29,7,5,2.8002093923999998,2.0001495659999997,3.2002393056,2.4001794791999997
712,33,8,5,3.2002393056,2.0001495659999997,3.6002692188,2.4001794791999997
713,35,9,5,3.6002692188,2.0001495659999997,4.000299131999999,2.4001794791999997
714,41,10,5,4.000299131999999,2.0001495659999997,4.4003290451999995,2.4001794791999997
715,33,11,6,4.4003290451999995,2.4001794791999997,4.8003589583999995,2.8002093923999998
716,29,10,6,4.000299131999999,2.4001794791999997,4.4003290451999995,2.8002093923999998
717,23,12,6,4.8003589583999995,2.4001794791999997,5.2003888715999995,2.8002093923999998
718,31,12,5,4.8003589583999995,2.0001495659999997,5.2003888715999995,2.4001794791999997
719,37,13,6,5.2003888715999995,2.4001794791999997,5.6004187847999995,2.8002093923999998
720,41,11,5,4.4003290451999995,2.0001495659999997,4.8003589583999995,2.4001794791999997
721,42,13,5,5.2003888715999995,2.0001495659999997,5.6004187847999995,2.4001794791999997
722,35,14,5,5.6004187847999995,2.0001495659999997,6.000448698,2.4001794791999997
723,41,15,5,6.000448698,2.0001495659999997,6.4004786112,2.4001794791999997
724,36,16,6,6.4004786112,2.4001794791999997,6.8005085244,2.8002093923999998
725,42,16,5,6.4004786112,2.0001495659999997,6.8005085244,2.4001794791999997
726,34,17,6,6.8005085244,2.4001794791999997,7.2005384376,2.8002093923999998
727,37,17,5,6.8005085244,2.0001495659999997,7.2005384376,2.4001794791999997
728,31,18,5,7.2005384376,2.0001495659999997,7.6005683508,2.4001794791999997
729,47,19,5,7.6005683508,2.0001495659999997,8.000598263999999,2.4001794791999997
730,43,21,6,8.4006281772,2.4001794791999997,8.800658090399999,2.8002093923999998
731,31,21,5,8.4006281772,2.0001495659999997,8.800658090399999,2.4001794791999997
732,42,20,5,8.000598263999999,2.0001495659999997,8.4006281772,2.4001794791999997
733,41,22,5,8.800658090399999,2.0001495659999997,9.2006880036,2.4001794791999997
734,28,23,6,9.2006880036,2.4001794791999997,9.600717916799999,2.8002093923999998
735,38,24,5,9.600717916799999,2.0001495659999997,10.00074783,2.4001794791999997
736,41,23,5,9.2006880036,2.0001495659999997,9.600717916799999,2.4001794791999997
737,36,25,5,10.00074783,2.0001495659999997,10.400777743199999,2.4001794791999997
738,44,28,6,11.200837569599999,2.4001794791999997,11.6008674828,2.8002093923999998
739,31,27,5,10.8008076564,2.0001495659999997,11.200837569599999,2.4001794791999997
740,38,26,5,10.400777743199999,2.0001495659999997,10.8008076564,2.4001794791999997
741,38,28,5,11.200837569599999,2.0001495659999997,11.6008674828,2.4001794791999997
742,37,29,5,11.6008674828,2.0001495659999997,12.000897396,2.4001794791999997
743,33,31,6,12.4009273092,2.4001794791999997,12.8009572224,2.8002093923999998
744,41,30,5,12.000897396,2.0001495659999997,12.4009273092,2.4001794791999997
745,50,31,5,12.4009273092,2.0001495659999997,12.8009572224,2.4001794791999997
746,36,32,5,12.8009572224,2.0001495659999997,13.200987135599998,2.4001794791999997
747,38,33,6,13.200987135599998,2.4001794791999997,13.6010170488,2.8002093923999998
748,30,34,5,13.6010170488,2.0001495659999997,14.001046961999998,2.4001794791999997
749,41,33,5,13.200987135599998,2.0001495659999997,13.6010170488,2.4001794791999997
750,6,37,7,14.801106788399998,2.8002093923999998,15.04758466,3.2002393056
751,22,35,6,14.001046961999998,2.4001794791999997,14.4010768752,2.8002093923999998
752,21,35,5,14.001046961999998,2.0001495659999997,14.4010768752,2.4001794791999997
753,13,36,6,14.4010768752,2.4001794791999997,14.801106788399998,2.8002093923999998
754,9,0,6,0.0,2.4001794791999997,0.4000299132,2.8002093923999998
755,24,2,4,0.8000598264,1.6001196528,1.2000897395999999,2.0001495659999997
756,11,0,5,0.0,2.0001495659999997,0.4000299132,2.4001794791999997
757,24,1,4,0.4000299132,1.6001196528,0.8000598264,2.0001495659999997
758,41,4,4,1.6001196528,1.6001196528,2.0001495659999997,2.0001495659999997
759,34,5,5,2.0001495659999997,2.0001495659999997,2.4001794791999997,2.4001794791999997
760,42,3,4,1.2000897395999999,1.6001196528,1.6001196528,2.0001495659999997
761,34,6,4,2.4001794791999997,1.6001196528,2.8002093923999998,2.0001495659999997
762,35,5,4,2.0001495659999997,1.6001196528,2.4001794791999997,2.0001495659999997
763,27,7,4,2.8002093923999998,1.6001196528,3.2002393056,2.0001495659999997
764,36,8,4,3.2002393056,1.6001196528,3.6002692188,2.0001495659999997
765,38,9,4,3.6002692188,1.6001196528,4.000299131999999,2.0001495659999997
766,54,10,4,4.000299131999999,1.6001196528,4.4003290451999995,2.0001495659999997
767,55,11,4,4.4003290451999995,1.6001196528,4.8003589583999995,2.0001495659999997
768,29,12,4,4.8003589583999995,1.6001196528,5.2003888715999995,2.0001495659999997
769,45,13,4,5.2003888715999995,1.6001196528,5.6004187847999995,2.0001495659999997
770,38,14,4,5.6004187847999995,1.6001196528,6.000448698,2.0001495659999997
771,44,15,4,6.000448698,1.6001196528,6.4004786112,2.0001495659999997
772,32,16,4,6.4004786112,1.6001196528,6.8005085244,2.0001495659999997
773,37,17,4,6.8005085244,1.6001196528,7.2005384376,2.0001495659999997
774,43,19,4,7.6005683508,1.6001196528,8.000598263999999,2.0001495659999997
775,49,18,4,7.2005384376,1.6001196528,7.6005683508,2.0001495659999997
776,43,21,4,8.4006281772,1.6001196528,8.800658090399999,2.0001495659999997
777,44,22,4,8.800658090399999,1.6001196528,9.2006880036,2.0001495659999997
778,44,23,4,9.2006880036,1.6001196528,9.600717916799999,2.0001495659999997
779,34,25,4,10.00074783,1.6001196528,10.400777743199999,2.0001495659999997
780,42,24,4,9.600717916799999,1.6001196528,10.00074783,2.0001495659999997
781,41,27,4,10.8008076564,1.6001196528,11.200837569599999,2.0001495659999997
782,40,26,4,10.400777743199999,1.6001196528,10.8008076564,2.0001495659999997
783,40,28,4,11.200837569599999,1.6001196528,11.6008674828,2.0001495659999997
784,43,29,4,11.6008674828,1.6001196528,12.000897396,2.0001495659999997
785,28,30,4,12.000897396,1.6001196528,12.4009273092,2.0001495659999997
786,57,31,4,12.4009273092,1.6001196528,12.8009572224,2.0001495659999997
787,45,32,4,12.8009572224,1.6001196528,13.200987135599998,2.0001495659999997
788,49,33,4,13.200987135599998,1.6001196528,13.6010170488,2.0001495659999997
789,13,36,5,14.4010768752,2.0001495659999997,14.801106788399998,2.4001794791999997
790,47,34,4,13.6010170488,1.6001196528,14.001046961999998,2.0001495659999997
791,9,37,6,14.801106788399998,2.4001794791999997,15.04758466,2.8002093923999998
792,9,37,5,14.801106788399998,2.0001495659999997,15.04758466,2.4001794791999997
793,23,1,3,0.4000299132,1.2000897395999999,0.8000598264,1.6001196528
794,14,0,3,0.0,1.2000897395999999,0.4000299132,1.6001196528
795,21,2,3,0.8000598264,1.2000897395999999,1.2000897395999999,1.6001196528
796,6,0,4,0.0,1.6001196528,0.4000299132,2.0001495659999997
797,35,3,3,1.2000897395999999,1.2000897395999999,1.6001196528,1.6001196528
798,31,4,3,1.6001196528,1.2000897395999999,2.0001495659999997,1.6001196528
799,38,5,3,2.0001495659999997,1.2000897395999999,2.4001794791999997,1.6001196528
800,42,6,3,2.4001794791999997,1.2000897395999999,2.8002093923999998,1.6001196528
801,36,7,3,2.8002093923999998,1.2000897395999999,3.2002393056,1.6001196528
802,36,9,3,3.6002692188,1.2000897395999999,4.000299131999999,1.6001196528
803,39,8,3,3.2002393056,1.2000897395999999,3.6002692188,1.6001196528
804,40,11,3,4.4003290451999995,1.2000897395999999,4.8003589583999995,1.6001196528
805,28,10,3,4.000299131999999,1.2000897395999999,4.4003290451999995,1.6001196528
806,49,12,3,4.8003589583999995,1.2000897395999999,5.2003888715999995,1.6001196528
807,28,14,3,5.6004187847999995,1.2000897395999999,6.000448698,1.6001196528
808,39,16,3,6.4004786112,1.2000897395999999,6.8005085244,1.6001196528
809,31,15,3,6.000448698,1.2000897395999999,6.4004786112,1.6001196528
810,36,17,3,6.8005085244,1.2000897395999999,7.2005384376,1.6001196528
811,35,19,3,7.6005683508,1.2000897395999999,8.000598263999999,1.6001196528
812,31,18,3,7.2005384376,1.2000897395999999,7.6005683508,1.6001196528
813,36,20,3,8.000598263999999,1.2000897395999999,8.4006281772,1.6001196528
814,32,20,4,8.000598263999999,1.6001196528,8.4006281772,2.0001495659999997
815,35,21,3,8.4006281772,1.2000897395999999,8.800658090399999,1.6001196528
816,32,22,3,8.800658090399999,1.2000897395999999,9.2006880036,1.6001196528
817,33,24,3,9.600717916799999,1.2000897395999999,10.00074783,1.6001196528
818,26,23,3,9.2006880036,1.2000897395999999,9.600717916799999,1.6001196528
819,46,25,3,10.00074783,1.2000897395999999,10.400777743199999,1.6001196528
820,34,26,3,10.400777743199999,1.2000897395999999,10.8008076564,1.6001196528
821,44,27,3,10.8008076564,1.2000897395999999,11.200837569599999,1.6001196528
822,34,28,3,11.200837569599999,1.2000897395999999,11.6008674828,1.6001196528
823,40,29,3,11.6008674828,1.2000897395999999,12.000897396,1.6001196528
824,47,30,3,12.000897396,1.2000897395999999,12.4009273092,1.6001196528
825,40,31,3,12.4009273092,1.2000897395999999,12.8009572224,1.6001196528
826,41,32,3,12.8009572224,1.2000897395999999,13.200987135599998,1.6001196528
827,33,33,3,13.200987135599998,1.2000897395999999,13.6010170488,1.6001196528
828,24,34,3,13.6010170488,1.2000897395999999,14.001046961999998,1.6001196528
829,20,35,4,14.001046961999998,1.6001196528,14.4010768752,2.0001495659999997
830,25,35,3,14.001046961999998,1.2000897395999999,14.4010768752,1.6001196528
831,10,36,4,14.4010768752,1.6001196528,14.801106788399998,2.0001495659999997
832,3,37,4,14.801106788399998,1.6001196528,15.04758466,2.0001495659999997
833,18,36,3,14.4010768752,1.2000897395999999,14.801106788399998,1.6001196528
834,11,1,2,0.4000299132,0.8000598264,0.8000598264,1.2000897395999999
835,24,3,2,1.2000897395999999,0.8000598264,1.6001196528,1.2000897395999999
836,10,0,2,0.0,0.8000598264,0.4000299132,1.2000897395999999
837,36,4,2,1.6001196528,0.8000598264,2.0001495659999997,1.2000897395999999
838,19,2,2,0.8000598264,0.8000598264,1.2000897395999999,1.2000897395999999
839,22,5,2,2.0001495659999997,0.8000598264,2.4001794791999997,1.2000897395999999
840,29,6,2,2.4001794791999997,0.8000598264,2.8002093923999998,1.2000897395999999
841,31,7,2,2.8002093923999998,0.8000598264,3.2002393056,1.2000897395999999
842,33,8,2,3.2002393056,0.8000598264,3.6002692188,1.2000897395999999
843,30,10,2,4.000299131999999,0.8000598264,4.4003290451999995,1.2000897395999999
844,33,9,2,3.6002692188,0.8000598264,4.000299131999999,1.2000897395999999
845,30,11,2,4.4003290451999995,0.8000598264,4.8003589583999995,1.2000897395999999
846,24,12,2,4.8003589583999995,0.8000598264,5.2003888715999995,1.2000897395999999
847,29,13,3,5.2003888715999995,1.2000897395999999,5.6004187847999995,1.6001196528
848,31,13,2,5.2003888715999995,0.8000598264,5.6004187847999995,1.2000897395999999
849,31,14,2,5.6004187847999995,0.8000598264,6.000448698,1.2000897395999999
850,30,15,2,6.000448698,0.8000598264,6.4004786112,1.2000897395999999
851,25,16,2,6.4004786112,0.8000598264,6.8005085244,1.2000897395999999
852,30,17,2,6.8005085244,0.8000598264,7.2005384376,1.2000897395999999
853,26,18,2,7.2005384376,0.8000598264,7.6005683508,1.2000897395999999
854,32,19,2,7.6005683508,0.8000598264,8.000598263999999,1.2000897395999999
855,32,20,2,8.000598263999999,0.8000598264,8.4006281772,1.2000897395999999
856,31,22,2,8.800658090399999,0.8000598264,9.2006880036,1.2000897395999999
857,38,21,2,8.4006281772,0.8000598264,8.800658090399999,1.2000897395999999
858,25,23,2,9.2006880036,0.8000598264,9.600717916799999,1.2000897395999999
859,32,25,2,10.00074783,0.8000598264,10.400777743199999,1.2000897395999999
860,30,24,2,9.600717916799999,0.8000598264,10.00074783,1.2000897395999999
861,29,26,2,10.400777743199999,0.8000598264,10.8008076564,1.2000897395999999
862,33,27,2,10.8008076564,0.8000598264,11.200837569599999,1.2000897395999999
863,25,28,2,11.200837569599999,0.8000598264,11.6008674828,1.2000897395999999
864,29,29,2,11.6008674828,0.8000598264,12.000897396,1.2000897395999999
865,22,30,2,12.000897396,0.8000598264,12.4009273092,1.2000897395999999
866,27,31,2,12.4009273092,0.8000598264,12.8009572224,1.2000897395999999
867,17,32,2,12.8009572224,0.8000598264,13.200987135599998,1.2000897395999999
868,26,33,2,13.200987135599998,0.8000598264,13.6010170488,1.2000897395999999
869,33,34,2,13.6010170488,0.8000598264,14.001046961999998,1.2000897395999999
870,13,35,2,14.001046961999998,0.8000598264,14.4010768752,1.2000897395999999
871,12,3,1,1.2000897395999999,0.4000299132,1.6001196528,0.8000598264
872,10,1,1,0.4000299132,0.4000299132,0.8000598264,0.8000598264
873,4,0,1,0.0,0.4000299132,0.4000299132,0.8000598264
874,19,2,1,0.8000598264,0.4000299132,1.2000897395999999,0.8000598264
875,9,4,1,1.6001196528,0.4000299132,2.0001495659999997,0.8000598264
876,20,5,1,2.0001495659999997,0.4000299132,2.4001794791999997,0.8000598264
877,19,6,1,2.4001794791999997,0.4000299132,2.8002093923999998,0.8000598264
878,18,7,1,2.8002093923999998,0.4000299132,3.2002393056,0.8000598264
879,22,8,1,3.2002393056,0.4000299132,3.6002692188,0.8000598264
880,26,9,1,3.6002692188,0.4000299132,4.000299131999999,0.8000598264
881,19,10,1,4.000299131999999,0.4000299132,4.4003290451999995,0.8000598264
882,18,12,1,4.8003589583999995,0.4000299132,5.2003888715999995,0.8000598264
883,20,13,1,5.2003888715999995,0.4000299132,5.6004187847999995,0.8000598264
884,16,11,1,4.4003290451999995,0.4000299132,4.8003589583999995,0.8000598264
885,24,15,1,6.000448698,0.4000299132,6.4004786112,0.8000598264
886,16,14,1,5.6004187847999995,0.4000299132,6.000448698,0.8000598264
887,20,16,1,6.4004786112,0.4000299132,6.8005085244,0.8000598264
888,18,17,1,6.8005085244,0.4000299132,7.2005384376,0.8000598264
889,13,18,1,7.2005384376,0.4000299132,7.6005683508,0.8000598264
890,15,19,1,7.6005683508,0.4000299132,8.000598263999999,0.8000598264
891,18,20,1,8.000598263999999,0.4000299132,8.4006281772,0.8000598264
892,18,21,1,8.4006281772,0.4000299132,8.800658090399999,0.8000598264
893,17,22,1,8.800658090399999,0.4000299132,9.2006880036,0.8000598264
894,25,23,1,9.2006880036,0.4000299132,9.600717916799999,0.8000598264
895,18,24,1,9.600717916799999,0.4000299132,10.00074783,0.8000598264
896,21,27,1,10.8008076564,0.4000299132,11.200837569599999,0.8000598264
897,21,26,1,10.400777743199999,0.4000299132,10.8008076564,0.8000598264
898,24,28,1,11.200837569599999,0.4000299132,11.6008674828,0.8000598264
899,15,25,1,10.00074783,0.4000299132,10.400777743199999,0.8000598264
900,25,29,1,11.6008674828,0.4000299132,12.000897396,0.8000598264
901,20,30,1,12.000897396,0.4000299132,12.4009273092,0.8000598264
902,21,32,1,12.8009572224,0.4000299132,13.200987135599998,0.8000598264
903,22,31,1,12.4009273092,0.4000299132,12.8009572224,0.8000598264
904,12,33,1,13.200987135599998,0.4000299132,13.6010170488,0.8000598264
905,15,34,1,13.6010170488,0.4000299132,14.001046961999998,0.8000598264
906,9,35,1,14.001046961999998,0.4000299132,14.4010768752,0.8000598264
907,15,36,2,14.4010768752,0.8000598264,14.801106788399998,1.2000897395999999
908,3,37,3,14.801106788399998,1.2000897395999999,15.04758466,1.6001196528
909,3,37,1,14.801106788399998,0.4000299132,15.04758466,0.8000598264
910,3,36,1,14.4010768752,0.4000299132,14.801106788399998,0.8000598264
911,1,37,2,14.801106788399998,0.8000598264,15.04758466,1.2000897395999999
912,5,1,0,0.4000299132,0.0,0.8000598264,0.4000299132
913,8,2,0,0.8000598264,0.0,1.2000897395999999,0.4000299132
914,10,3,0,1.2000897395999999,0.0,1.6001196528,0.4000299132
915,8,4,0,1.6001196528,0.0,2.0001495659999997,0.4000299132
916,4,5,0,2.0001495659999997,0.0,2.4001794791999997,0.4000299132
917,6,6,0,2.4001794791999997,0.0,2.8002093923999998,0.4000299132
918,8,7,0,2.8002093923999998,0.0,3.2002393056,0.4000299132
919,5,8,0,3.2002393056,0.0,3.6002692188,0.4000299132
920,8,9,0,3.6002692188,0.0,4.000299131999999,0.4000299132
921,17,11,0,4.4003290451999995,0.0,4.8003589583999995,0.4000299132
922,9,10,0,4.000299131999999,0.0,4.4003290451999995,0.4000299132
923,8,12,0,4.8003589583999995,0.0,5.2003888715999995,0.4000299132
924,7,13,0,5.2003888715999995,0.0,5.6004187847999995,0.4000299132
925,15,14,0,5.6004187847999995,0.0,6.000448698,0.4000299132
926,10,15,0,6.000448698,0.0,6.4004786112,0.4000299132
927,7,16,0,6.4004786112,0.0,6.8005085244,0.4000299132
928,6,17,0,6.8005085244,0.0,7.2005384376,0.4000299132
929,5,18,0,7.2005384376,0.0,7.6005683508,0.4000299132
930,4,19,0,7.6005683508,0.0,8.000598263999999,0.4000299132
931,4,20,0,8.000598263999999,0.0,8.4006281772,0.4000299132
932,14,21,0,8.4006281772,0.0,8.800658090399999,0.4000299132
933,11,22,0,8.800658090399999,0.0,9.2006880036,0.4000299132
934,10,23,0,9.2006880036,0.0,9.600717916799999,0.4000299132
935,14,25,0,10.00074783,0.0,10.400777743199999,0.4000299132
936,7,24,0,9.600717916799999,0.0,10.00074783,0.4000299132
937,13,26,0,10.400777743199999,0.0,10.8008076564,0.4000299132
938,16,27,0,10.8008076564,0.0,11.200837569599999,0.4000299132
939,6,28,0,11.200837569599999,0.0,11.6008674828,0.4000299132
940,9,29,0,11.6008674828,0.0,12.000897396,0.4000299132
941,5,30,0,12.000897396,0.0,12.4009273092,0.4000299132
942,8,31,0,12.4009273092,0.0,12.8009572224,0.4000299132
943,9,32,0,12.8009572224,0.0,13.200987135599998,0.4000299132
944,8,33,0,13.200987135599998,0.0,13.6010170488,0.4000299132
945,8,35,0,14.001046961999998,0.0,14.4010768752,0.4000299132
946,5,34,0,13.6010170488,0.0,14.001046961999998,0.4000299132
947,1,36,0,14.4010768752,0.0,14.801106788399998,0.4000299132
948,1,37,0,14.801106788399998,0.0,15.04758466,0.4000299132
